CANDIDATE,MEAN,STDEV,90% UPPER BOUND,90% LOWER BOUND,No. of Std. Dev.,,,,,,,,,,,
TRUMP,190.32905,15.04840024,237.9162699,142.7418301,3.16227766,,,,,,,,,,,
BIDEN,347.67095,33.83645898,454.6712283,240.6706717,3.16227766,,,,,,,,,,,
,,,,,,,,,,,,,,,,
,,,,,,,,,,,,,,,,
cycle,branch,model,modeldate,candidate_inc,candidate_chal,candidate_3rd,evprob_inc,evprob_chal,evprob_3rd,total_ev,timestamp,simulations,Trump,Biden,Trump F*M-Squared,Biden F*M-Squared
2020,President,polls-plus,11/1/20,Trump,Biden,,0,0.000025,,538,11/1/20 17:17,40000,0,538,0,155720872
2020,President,polls-plus,11/1/20,Trump,Biden,,0,0.00015,,537,11/1/20 17:17,40000,0,3222,0,929124918
2020,President,polls-plus,11/1/20,Trump,Biden,,0,0,,536,11/1/20 17:17,40000,0,0,0,0
2020,President,polls-plus,11/1/20,Trump,Biden,,0,0.00005,,535,11/1/20 17:17,40000,0,1070,0,306260750
2020,President,polls-plus,11/1/20,Trump,Biden,,0,0.000375,,534,11/1/20 17:17,40000,0,8010,0,2284099560
2020,President,polls-plus,11/1/20,Trump,Biden,,0,0.00005,,533,11/1/20 17:17,40000,0,1066,0,302838874
2020,President,polls-plus,11/1/20,Trump,Biden,,0,0.000025,,532,11/1/20 17:17,40000,0,532,0,150568768
2020,President,polls-plus,11/1/20,Trump,Biden,,0,0.000025,,531,11/1/20 17:17,40000,0,531,0,149721291
2020,President,polls-plus,11/1/20,Trump,Biden,,0,0.00015,,530,11/1/20 17:17,40000,0,3180,0,893262000
2020,President,polls-plus,11/1/20,Trump,Biden,,0,0,,529,11/1/20 17:17,40000,0,0,0,0
2020,President,polls-plus,11/1/20,Trump,Biden,,0,0.0001,,528,11/1/20 17:17,40000,0,2112,0,588791808
2020,President,polls-plus,11/1/20,Trump,Biden,,0,0.0001,,527,11/1/20 17:17,40000,0,2108,0,585452732
2020,President,polls-plus,11/1/20,Trump,Biden,,0,0.000025,,526,11/1/20 17:17,40000,0,526,0,145531576
2020,President,polls-plus,11/1/20,Trump,Biden,,0,0.000125,,525,11/1/20 17:17,40000,0,2625,0,723515625
2020,President,polls-plus,11/1/20,Trump,Biden,,0,0.0001,,524,11/1/20 17:17,40000,0,2096,0,575511296
2020,President,polls-plus,11/1/20,Trump,Biden,,0,0,,523,11/1/20 17:17,40000,0,0,0,0
2020,President,polls-plus,11/1/20,Trump,Biden,,0,0.000075,,522,11/1/20 17:17,40000,0,1566,0,426709944
2020,President,polls-plus,11/1/20,Trump,Biden,,0,0.000175,,521,11/1/20 17:17,40000,0,3647,0,989945327
2020,President,polls-plus,11/1/20,Trump,Biden,,0,0.000075,,520,11/1/20 17:17,40000,0,1560,0,421824000
2020,President,polls-plus,11/1/20,Trump,Biden,,0,0.000075,,519,11/1/20 17:17,40000,0,1557,0,419395077
2020,President,polls-plus,11/1/20,Trump,Biden,,0,0.000125,,518,11/1/20 17:17,40000,0,2590,0,694959160
2020,President,polls-plus,11/1/20,Trump,Biden,,0,0.000025,,517,11/1/20 17:17,40000,0,517,0,138188413
2020,President,polls-plus,11/1/20,Trump,Biden,,0,0.00015,,516,11/1/20 17:17,40000,0,3096,0,824328576
2020,President,polls-plus,11/1/20,Trump,Biden,,0,0.000125,,515,11/1/20 17:17,40000,0,2575,0,682954375
2020,President,polls-plus,11/1/20,Trump,Biden,,0,0.0001,,514,11/1/20 17:17,40000,0,2056,0,543186976
2020,President,polls-plus,11/1/20,Trump,Biden,,0,0.0001,,513,11/1/20 17:17,40000,0,2052,0,540022788
2020,President,polls-plus,11/1/20,Trump,Biden,,0,0.000025,,512,11/1/20 17:17,40000,0,512,0,134217728
2020,President,polls-plus,11/1/20,Trump,Biden,,0,0.000075,,511,11/1/20 17:17,40000,0,1533,0,400298493
2020,President,polls-plus,11/1/20,Trump,Biden,,0,0.000075,,510,11/1/20 17:17,40000,0,1530,0,397953000
2020,President,polls-plus,11/1/20,Trump,Biden,,0,0.000125,,509,11/1/20 17:17,40000,0,2545,0,659361145
2020,President,polls-plus,11/1/20,Trump,Biden,,0,0.000025,,508,11/1/20 17:17,40000,0,508,0,131096512
2020,President,polls-plus,11/1/20,Trump,Biden,,0,0.00015,,507,11/1/20 17:17,40000,0,3042,0,781943058
2020,President,polls-plus,11/1/20,Trump,Biden,,0,0.000175,,506,11/1/20 17:17,40000,0,3542,0,906879512
2020,President,polls-plus,11/1/20,Trump,Biden,,0,0.00005,,505,11/1/20 17:17,40000,0,1010,0,257575250
2020,President,polls-plus,11/1/20,Trump,Biden,,0,0.00015,,504,11/1/20 17:17,40000,0,3024,0,768144384
2020,President,polls-plus,11/1/20,Trump,Biden,,0,0.0001,,503,11/1/20 17:17,40000,0,2012,0,509054108
2020,President,polls-plus,11/1/20,Trump,Biden,,0,0.00015,,502,11/1/20 17:17,40000,0,3012,0,759036048
2020,President,polls-plus,11/1/20,Trump,Biden,,0,0.00015,,501,11/1/20 17:17,40000,0,3006,0,754509006
2020,President,polls-plus,11/1/20,Trump,Biden,,0,0.00025,,500,11/1/20 17:17,40000,0,5000,0,1250000000
2020,President,polls-plus,11/1/20,Trump,Biden,,0,0.00005,,499,11/1/20 17:17,40000,0,998,0,248502998
2020,President,polls-plus,11/1/20,Trump,Biden,,0,0.000125,,498,11/1/20 17:17,40000,0,2490,0,617529960
2020,President,polls-plus,11/1/20,Trump,Biden,,0,0.000125,,497,11/1/20 17:17,40000,0,2485,0,613817365
2020,President,polls-plus,11/1/20,Trump,Biden,,0,0.0001,,496,11/1/20 17:17,40000,0,1984,0,488095744
2020,President,polls-plus,11/1/20,Trump,Biden,,0,0.000225,,495,11/1/20 17:17,40000,0,4455,0,1091586375
2020,President,polls-plus,11/1/20,Trump,Biden,,0,0.000225,,494,11/1/20 17:17,40000,0,4446,0,1084984056
2020,President,polls-plus,11/1/20,Trump,Biden,,0,0.000175,,493,11/1/20 17:17,40000,0,3451,0,838762099
2020,President,polls-plus,11/1/20,Trump,Biden,,0,0.00015,,492,11/1/20 17:17,40000,0,2952,0,714572928
2020,President,polls-plus,11/1/20,Trump,Biden,,0,0.0001,,491,11/1/20 17:17,40000,0,1964,0,473483084
2020,President,polls-plus,11/1/20,Trump,Biden,,0,0.0002,,490,11/1/20 17:17,40000,0,3920,0,941192000
2020,President,polls-plus,11/1/20,Trump,Biden,,0,0.000225,,489,11/1/20 17:17,40000,0,4401,0,1052371521
2020,President,polls-plus,11/1/20,Trump,Biden,,0,0.00015,,488,11/1/20 17:17,40000,0,2928,0,697285632
2020,President,polls-plus,11/1/20,Trump,Biden,,0,0.000275,,487,11/1/20 17:17,40000,0,5357,0,1270514333
2020,President,polls-plus,11/1/20,Trump,Biden,,0,0.000225,,486,11/1/20 17:17,40000,0,4374,0,1033121304
2020,President,polls-plus,11/1/20,Trump,Biden,,0,0.00015,,485,11/1/20 17:17,40000,0,2910,0,684504750
2020,President,polls-plus,11/1/20,Trump,Biden,,0,0.000325,,484,11/1/20 17:17,40000,0,6292,0,1473938752
2020,President,polls-plus,11/1/20,Trump,Biden,,0,0.000225,,483,11/1/20 17:17,40000,0,4347,0,1014107283
2020,President,polls-plus,11/1/20,Trump,Biden,,0,0.000325,,482,11/1/20 17:17,40000,0,6266,0,1455742184
2020,President,polls-plus,11/1/20,Trump,Biden,,0,0.000475,,481,11/1/20 17:17,40000,0,9139,0,2114408179
2020,President,polls-plus,11/1/20,Trump,Biden,,0,0.0005,,480,11/1/20 17:17,40000,0,9600,0,2211840000
2020,President,polls-plus,11/1/20,Trump,Biden,,0,0.000475,,479,11/1/20 17:17,40000,0,9101,0,2088142541
2020,President,polls-plus,11/1/20,Trump,Biden,,0,0.0004,,478,11/1/20 17:17,40000,0,7648,0,1747445632
2020,President,polls-plus,11/1/20,Trump,Biden,,0,0.000275,,477,11/1/20 17:17,40000,0,5247,0,1193844663
2020,President,polls-plus,11/1/20,Trump,Biden,,0,0.000425,,476,11/1/20 17:17,40000,0,8092,0,1833452992
2020,President,polls-plus,11/1/20,Trump,Biden,,0.000025,0.000375,,475,11/1/20 17:17,40000,475,7125,107171875,1607578125
2020,President,polls-plus,11/1/20,Trump,Biden,,0,0.00045,,474,11/1/20 17:17,40000,0,8532,0,1916935632
2020,President,polls-plus,11/1/20,Trump,Biden,,0,0.000425,,473,11/1/20 17:17,40000,0,8041,0,1799004889
2020,President,polls-plus,11/1/20,Trump,Biden,,0,0.000425,,472,11/1/20 17:17,40000,0,8024,0,1787618816
2020,President,polls-plus,11/1/20,Trump,Biden,,0,0.0004,,471,11/1/20 17:17,40000,0,7536,0,1671793776
2020,President,polls-plus,11/1/20,Trump,Biden,,0,0.0006,,470,11/1/20 17:17,40000,0,11280,0,2491752000
2020,President,polls-plus,11/1/20,Trump,Biden,,0,0.000475,,469,11/1/20 17:17,40000,0,8911,0,1960072471
2020,President,polls-plus,11/1/20,Trump,Biden,,0,0.00045,,468,11/1/20 17:17,40000,0,8424,0,1845058176
2020,President,polls-plus,11/1/20,Trump,Biden,,0,0.0005,,467,11/1/20 17:17,40000,0,9340,0,2036951260
2020,President,polls-plus,11/1/20,Trump,Biden,,0,0.0005,,466,11/1/20 17:17,40000,0,9320,0,2023893920
2020,President,polls-plus,11/1/20,Trump,Biden,,0,0.000575,,465,11/1/20 17:17,40000,0,10695,0,2312526375
2020,President,polls-plus,11/1/20,Trump,Biden,,0,0.0004,,464,11/1/20 17:17,40000,0,7424,0,1598357504
2020,President,polls-plus,11/1/20,Trump,Biden,,0,0.00055,,463,11/1/20 17:17,40000,0,10186,0,2183562634
2020,President,polls-plus,11/1/20,Trump,Biden,,0,0.000725,,462,11/1/20 17:17,40000,0,13398,0,2859722712
2020,President,polls-plus,11/1/20,Trump,Biden,,0,0.000875,,461,11/1/20 17:17,40000,0,16135,0,3429026335
2020,President,polls-plus,11/1/20,Trump,Biden,,0,0.000775,,460,11/1/20 17:17,40000,0,14260,0,3017416000
2020,President,polls-plus,11/1/20,Trump,Biden,,0,0.00095,,459,11/1/20 17:17,40000,0,17442,0,3674698002
2020,President,polls-plus,11/1/20,Trump,Biden,,0,0.000875,,458,11/1/20 17:17,40000,0,16030,0,3362516920
2020,President,polls-plus,11/1/20,Trump,Biden,,0,0.00055,,457,11/1/20 17:17,40000,0,10054,0,2099767846
2020,President,polls-plus,11/1/20,Trump,Biden,,0.000025,0.00095,,456,11/1/20 17:17,40000,456,17328,94818816,3603115008
2020,President,polls-plus,11/1/20,Trump,Biden,,0,0.0011,,455,11/1/20 17:17,40000,0,20020,0,4144640500
2020,President,polls-plus,11/1/20,Trump,Biden,,0,0.000525,,454,11/1/20 17:17,40000,0,9534,0,1965109944
2020,President,polls-plus,11/1/20,Trump,Biden,,0,0.001,,453,11/1/20 17:17,40000,0,18120,0,3718387080
2020,President,polls-plus,11/1/20,Trump,Biden,,0,0.00165,,452,11/1/20 17:17,40000,0,29832,0,6094796928
2020,President,polls-plus,11/1/20,Trump,Biden,,0,0.0005,,451,11/1/20 17:17,40000,0,9020,0,1834677020
2020,President,polls-plus,11/1/20,Trump,Biden,,0,0.0014,,450,11/1/20 17:17,40000,0,25200,0,5103000000
2020,President,polls-plus,11/1/20,Trump,Biden,,0,0.00185,,449,11/1/20 17:17,40000,0,33226,0,6698394826
2020,President,polls-plus,11/1/20,Trump,Biden,,0,0.0006,,448,11/1/20 17:17,40000,0,10752,0,2157969408
2020,President,polls-plus,11/1/20,Trump,Biden,,0,0.001075,,447,11/1/20 17:17,40000,0,19221,0,3840528789
2020,President,polls-plus,11/1/20,Trump,Biden,,0,0.00155,,446,11/1/20 17:17,40000,0,27652,0,5500425232
2020,President,polls-plus,11/1/20,Trump,Biden,,0,0.000825,,445,11/1/20 17:17,40000,0,14685,0,2907997125
2020,President,polls-plus,11/1/20,Trump,Biden,,0,0.00165,,444,11/1/20 17:17,40000,0,29304,0,5776873344
2020,President,polls-plus,11/1/20,Trump,Biden,,0,0.001475,,443,11/1/20 17:17,40000,0,26137,0,5129360113
2020,President,polls-plus,11/1/20,Trump,Biden,,0,0.00125,,442,11/1/20 17:17,40000,0,22100,0,4317544400
2020,President,polls-plus,11/1/20,Trump,Biden,,0,0.00145,,441,11/1/20 17:17,40000,0,25578,0,4974435018
2020,President,polls-plus,11/1/20,Trump,Biden,,0,0.001675,,440,11/1/20 17:17,40000,0,29480,0,5707328000
2020,President,polls-plus,11/1/20,Trump,Biden,,0.000025,0.0014,,439,11/1/20 17:17,40000,439,24584,84604519,4737853064
2020,President,polls-plus,11/1/20,Trump,Biden,,0,0.00195,,438,11/1/20 17:17,40000,0,34164,0,6554158416
2020,President,polls-plus,11/1/20,Trump,Biden,,0,0.001625,,437,11/1/20 17:17,40000,0,28405,0,5424474445
2020,President,polls-plus,11/1/20,Trump,Biden,,0,0.001825,,436,11/1/20 17:17,40000,0,31828,0,6050375488
2020,President,polls-plus,11/1/20,Trump,Biden,,0,0.0022,,435,11/1/20 17:17,40000,0,38280,0,7243533000
2020,President,polls-plus,11/1/20,Trump,Biden,,0,0.0024,,434,11/1/20 17:17,40000,0,41664,0,7847664384
2020,President,polls-plus,11/1/20,Trump,Biden,,0,0.001075,,433,11/1/20 17:17,40000,0,18619,0,3490857691
2020,President,polls-plus,11/1/20,Trump,Biden,,0,0.0021,,432,11/1/20 17:17,40000,0,36288,0,6772211712
2020,President,polls-plus,11/1/20,Trump,Biden,,0,0.002275,,431,11/1/20 17:17,40000,0,39221,0,7285732181
2020,President,polls-plus,11/1/20,Trump,Biden,,0,0.00175,,430,11/1/20 17:17,40000,0,30100,0,5565490000
2020,President,polls-plus,11/1/20,Trump,Biden,,0,0.003175,,429,11/1/20 17:17,40000,0,54483,0,10027105803
2020,President,polls-plus,11/1/20,Trump,Biden,,0.000025,0.003825,,428,11/1/20 17:17,40000,428,65484,78402752,11995621056
2020,President,polls-plus,11/1/20,Trump,Biden,,0,0.0028,,427,11/1/20 17:17,40000,0,47824,0,8719702096
2020,President,polls-plus,11/1/20,Trump,Biden,,0,0.00335,,426,11/1/20 17:17,40000,0,57084,0,10359375984
2020,President,polls-plus,11/1/20,Trump,Biden,,0,0.005175,,425,11/1/20 17:17,40000,0,87975,0,15890484375
2020,President,polls-plus,11/1/20,Trump,Biden,,0,0.0021,,424,11/1/20 17:17,40000,0,35616,0,6402902016
2020,President,polls-plus,11/1/20,Trump,Biden,,0,0.00365,,423,11/1/20 17:17,40000,0,61758,0,11050297182
2020,President,polls-plus,11/1/20,Trump,Biden,,0,0.00635,,422,11/1/20 17:17,40000,0,107188,0,19088467792
2020,President,polls-plus,11/1/20,Trump,Biden,,0,0.0024,,421,11/1/20 17:17,40000,0,40416,0,7163372256
2020,President,polls-plus,11/1/20,Trump,Biden,,0,0.001825,,420,11/1/20 17:17,40000,0,30660,0,5408424000
2020,President,polls-plus,11/1/20,Trump,Biden,,0.000025,0.011925,,419,11/1/20 17:17,40000,419,199863,73560059,35088148143
2020,President,polls-plus,11/1/20,Trump,Biden,,0,0.002575,,418,11/1/20 17:17,40000,0,43054,0,7522567096
2020,President,polls-plus,11/1/20,Trump,Biden,,0.000025,0.001975,,417,11/1/20 17:17,40000,417,32943,72511713,5728425327
2020,President,polls-plus,11/1/20,Trump,Biden,,0,0.02165,,416,11/1/20 17:17,40000,0,360256,0,62344462336
2020,President,polls-plus,11/1/20,Trump,Biden,,0,0.0036,,415,11/1/20 17:17,40000,0,59760,0,10292166000
2020,President,polls-plus,11/1/20,Trump,Biden,,0,0.00185,,414,11/1/20 17:17,40000,0,30636,0,5250887856
2020,President,polls-plus,11/1/20,Trump,Biden,,0,0.0465,,413,11/1/20 17:17,40000,0,768180,0,1.31028E+11
2020,President,polls-plus,11/1/20,Trump,Biden,,0,0.01265,,412,11/1/20 17:17,40000,0,208472,0,35386871168
2020,President,polls-plus,11/1/20,Trump,Biden,,0,0.001425,,411,11/1/20 17:17,40000,0,23427,0,3957312267
2020,President,polls-plus,11/1/20,Trump,Biden,,0,0.004625,,410,11/1/20 17:17,40000,0,75850,0,12750385000
2020,President,polls-plus,11/1/20,Trump,Biden,,0.000025,0.0021,,409,11/1/20 17:17,40000,409,34356,68417929,5747106036
2020,President,polls-plus,11/1/20,Trump,Biden,,0,0.000975,,408,11/1/20 17:17,40000,0,15912,0,2648775168
2020,President,polls-plus,11/1/20,Trump,Biden,,0,0.0201,,407,11/1/20 17:17,40000,0,327228,0,54204990972
2020,President,polls-plus,11/1/20,Trump,Biden,,0,0.013825,,406,11/1/20 17:17,40000,0,224518,0,37008649048
2020,President,polls-plus,11/1/20,Trump,Biden,,0.000025,0.001425,,405,11/1/20 17:17,40000,405,23085,66430125,3786517125
2020,President,polls-plus,11/1/20,Trump,Biden,,0,0.0017,,404,11/1/20 17:17,40000,0,27472,0,4483869952
2020,President,polls-plus,11/1/20,Trump,Biden,,0,0.002175,,403,11/1/20 17:17,40000,0,35061,0,5694221949
2020,President,polls-plus,11/1/20,Trump,Biden,,0,0.001925,,402,11/1/20 17:17,40000,0,30954,0,5002290216
2020,President,polls-plus,11/1/20,Trump,Biden,,0,0.002,,401,11/1/20 17:17,40000,0,32080,0,5158496080
2020,President,polls-plus,11/1/20,Trump,Biden,,0.000025,0.003225,,400,11/1/20 17:17,40000,400,51600,64000000,8256000000
2020,President,polls-plus,11/1/20,Trump,Biden,,0,0.0011,,399,11/1/20 17:17,40000,0,17556,0,2794932756
2020,President,polls-plus,11/1/20,Trump,Biden,,0,0.00235,,398,11/1/20 17:17,40000,0,37412,0,5926210448
2020,President,polls-plus,11/1/20,Trump,Biden,,0.000025,0.0055,,397,11/1/20 17:17,40000,397,87340,62570773,13765570060
2020,President,polls-plus,11/1/20,Trump,Biden,,0,0.00245,,396,11/1/20 17:17,40000,0,38808,0,6085715328
2020,President,polls-plus,11/1/20,Trump,Biden,,0.000025,0.0044,,395,11/1/20 17:17,40000,395,69520,61629875,10846858000
2020,President,polls-plus,11/1/20,Trump,Biden,,0,0.00545,,394,11/1/20 17:17,40000,0,85892,0,13333530512
2020,President,polls-plus,11/1/20,Trump,Biden,,0,0.001025,,393,11/1/20 17:17,40000,0,16113,0,2488636737
2020,President,polls-plus,11/1/20,Trump,Biden,,0,0.0022,,392,11/1/20 17:17,40000,0,34496,0,5300793344
2020,President,polls-plus,11/1/20,Trump,Biden,,0.000025,0.0051,,391,11/1/20 17:17,40000,391,79764,59776471,12194400084
2020,President,polls-plus,11/1/20,Trump,Biden,,0,0.00225,,390,11/1/20 17:17,40000,0,35100,0,5338710000
2020,President,polls-plus,11/1/20,Trump,Biden,,0,0.0065,,389,11/1/20 17:17,40000,0,101140,0,15304605940
2020,President,polls-plus,11/1/20,Trump,Biden,,0,0.013125,,388,11/1/20 17:17,40000,0,203700,0,30665812800
2020,President,polls-plus,11/1/20,Trump,Biden,,0.000025,0.003275,,387,11/1/20 17:17,40000,387,50697,57960603,7592838993
2020,President,polls-plus,11/1/20,Trump,Biden,,0.000025,0.0027,,386,11/1/20 17:17,40000,386,41688,57512456,6211345248
2020,President,polls-plus,11/1/20,Trump,Biden,,0,0.00175,,385,11/1/20 17:17,40000,0,26950,0,3994663750
2020,President,polls-plus,11/1/20,Trump,Biden,,0.000025,0.0028,,384,11/1/20 17:17,40000,384,43008,56623104,6341787648
2020,President,polls-plus,11/1/20,Trump,Biden,,0.000025,0.001575,,383,11/1/20 17:17,40000,383,24129,56181887,3539458881
2020,President,polls-plus,11/1/20,Trump,Biden,,0.0001,0.00265,,382,11/1/20 17:17,40000,1528,40492,222971872,5908754608
2020,President,polls-plus,11/1/20,Trump,Biden,,0.000075,0.004375,,381,11/1/20 17:17,40000,1143,66675,165919023,9678609675
2020,President,polls-plus,11/1/20,Trump,Biden,,0,0.0018,,380,11/1/20 17:17,40000,0,27360,0,3950784000
2020,President,polls-plus,11/1/20,Trump,Biden,,0.000025,0.002425,,379,11/1/20 17:17,40000,379,36763,54439939,5280674083
2020,President,polls-plus,11/1/20,Trump,Biden,,0.000025,0.0104,,378,11/1/20 17:17,40000,378,157248,54010152,22468223232
2020,President,polls-plus,11/1/20,Trump,Biden,,0.0001,0.00315,,377,11/1/20 17:17,40000,1508,47502,214330532,6751411758
2020,President,polls-plus,11/1/20,Trump,Biden,,0.000025,0.00255,,376,11/1/20 17:17,40000,376,38352,53157376,5422052352
2020,President,polls-plus,11/1/20,Trump,Biden,,0.00015,0.024675,,375,11/1/20 17:17,40000,2250,370125,316406250,52048828125
2020,President,polls-plus,11/1/20,Trump,Biden,,0.00005,0.00605,,374,11/1/20 17:17,40000,748,90508,104627248,12659897008
2020,President,polls-plus,11/1/20,Trump,Biden,,0.000075,0.00395,,373,11/1/20 17:17,40000,1119,58934,155685351,8199428486
2020,President,polls-plus,11/1/20,Trump,Biden,,0,0.005325,,372,11/1/20 17:17,40000,0,79236,0,10964994624
2020,President,polls-plus,11/1/20,Trump,Biden,,0,0.0023,,371,11/1/20 17:17,40000,0,34132,0,4697962612
2020,President,polls-plus,11/1/20,Trump,Biden,,0.000075,0.00155,,370,11/1/20 17:17,40000,1110,22940,151959000,3140486000
2020,President,polls-plus,11/1/20,Trump,Biden,,0,0.01855,,369,11/1/20 17:17,40000,0,273798,0,37280609478
2020,President,polls-plus,11/1/20,Trump,Biden,,0.000075,0.0118,,368,11/1/20 17:17,40000,1104,173696,149508096,23522607104
2020,President,polls-plus,11/1/20,Trump,Biden,,0.000025,0.0027,,367,11/1/20 17:17,40000,367,39636,49430863,5338533204
2020,President,polls-plus,11/1/20,Trump,Biden,,0.00005,0.002,,366,11/1/20 17:17,40000,732,29280,98055792,3922231680
2020,President,polls-plus,11/1/20,Trump,Biden,,0.00005,0.00285,,365,11/1/20 17:17,40000,730,41610,97254250,5543492250
2020,President,polls-plus,11/1/20,Trump,Biden,,0,0.00455,,364,11/1/20 17:17,40000,0,66248,0,8777595008
2020,President,polls-plus,11/1/20,Trump,Biden,,0.0002,0.003225,,363,11/1/20 17:17,40000,2904,46827,382657176,6170346963
2020,President,polls-plus,11/1/20,Trump,Biden,,0.000175,0.004725,,362,11/1/20 17:17,40000,2534,68418,332065496,8965768392
2020,President,polls-plus,11/1/20,Trump,Biden,,0.000025,0.002025,,361,11/1/20 17:17,40000,361,29241,47045881,3810716361
2020,President,polls-plus,11/1/20,Trump,Biden,,0.000025,0.0037,,360,11/1/20 17:17,40000,360,53280,46656000,6905088000
2020,President,polls-plus,11/1/20,Trump,Biden,,0.0001,0.008425,,359,11/1/20 17:17,40000,1436,120983,185073116,15592410023
2020,President,polls-plus,11/1/20,Trump,Biden,,0.0001,0.0066,,358,11/1/20 17:17,40000,1432,94512,183530848,12113035968
2020,President,polls-plus,11/1/20,Trump,Biden,,0.0001,0.00715,,357,11/1/20 17:17,40000,1428,102102,181997172,13012797798
2020,President,polls-plus,11/1/20,Trump,Biden,,0.000175,0.00535,,356,11/1/20 17:17,40000,2492,76184,315826112,9655255424
2020,President,polls-plus,11/1/20,Trump,Biden,,0.0005,0.001425,,355,11/1/20 17:17,40000,7100,20235,894777500,2550115875
2020,President,polls-plus,11/1/20,Trump,Biden,,0.000025,0.00305,,354,11/1/20 17:17,40000,354,43188,44361864,5412147408
2020,President,polls-plus,11/1/20,Trump,Biden,,0.00015,0.010175,,353,11/1/20 17:17,40000,2118,143671,263921862,17902699639
2020,President,polls-plus,11/1/20,Trump,Biden,,0.000025,0.0049,,352,11/1/20 17:17,40000,352,68992,43614208,8548384768
2020,President,polls-plus,11/1/20,Trump,Biden,,0.0002,0.0109,,351,11/1/20 17:17,40000,2808,153036,345948408,18854188236
2020,President,polls-plus,11/1/20,Trump,Biden,,0.00045,0.017525,,350,11/1/20 17:17,40000,6300,245350,771750000,30055375000
2020,President,polls-plus,11/1/20,Trump,Biden,,0.000225,0.00485,,349,11/1/20 17:17,40000,3141,67706,382576941,8246658506
2020,President,polls-plus,11/1/20,Trump,Biden,,0.0002,0.003125,,348,11/1/20 17:17,40000,2784,43500,337153536,5268024000
2020,President,polls-plus,11/1/20,Trump,Biden,,0.000075,0.003575,,347,11/1/20 17:17,40000,1041,49621,125345769,5974814989
2020,President,polls-plus,11/1/20,Trump,Biden,,0.00025,0.004775,,346,11/1/20 17:17,40000,3460,66086,414217360,7911551576
2020,President,polls-plus,11/1/20,Trump,Biden,,0.00025,0.0028,,345,11/1/20 17:17,40000,3450,38640,410636250,4599126000
2020,President,polls-plus,11/1/20,Trump,Biden,,0.000125,0.004975,,344,11/1/20 17:17,40000,1720,68456,203537920,8100809216
2020,President,polls-plus,11/1/20,Trump,Biden,,0.000325,0.002975,,343,11/1/20 17:17,40000,4459,40817,524596891,4802079233
2020,President,polls-plus,11/1/20,Trump,Biden,,0.0007,0.004325,,342,11/1/20 17:17,40000,9576,59166,1120047264,6920292024
2020,President,polls-plus,11/1/20,Trump,Biden,,0.00035,0.0046,,341,11/1/20 17:17,40000,4774,62744,555125494,7295935064
2020,President,polls-plus,11/1/20,Trump,Biden,,0.000225,0.006675,,340,11/1/20 17:17,40000,3060,90780,353736000,10494168000
2020,President,polls-plus,11/1/20,Trump,Biden,,0.000275,0.006725,,339,11/1/20 17:17,40000,3729,91191,428540409,10479760911
2020,President,polls-plus,11/1/20,Trump,Biden,,0.000225,0.0062,,338,11/1/20 17:17,40000,3042,83824,347530248,9576389056
2020,President,polls-plus,11/1/20,Trump,Biden,,0.000425,0.004425,,337,11/1/20 17:17,40000,5729,59649,650636801,6774277281
2020,President,polls-plus,11/1/20,Trump,Biden,,0.0003,0.00425,,336,11/1/20 17:17,40000,4032,57120,455196672,6448619520
2020,President,polls-plus,11/1/20,Trump,Biden,,0.000675,0.012625,,335,11/1/20 17:17,40000,9045,169175,1015075125,18985664375
2020,President,polls-plus,11/1/20,Trump,Biden,,0.000225,0.009725,,334,11/1/20 17:17,40000,3006,129926,335337336,14494024856
2020,President,polls-plus,11/1/20,Trump,Biden,,0.00075,0.005425,,333,11/1/20 17:17,40000,9990,72261,1107781110,8012950029
2020,President,polls-plus,11/1/20,Trump,Biden,,0.000225,0.002425,,332,11/1/20 17:17,40000,2988,32204,329349312,3549653696
2020,President,polls-plus,11/1/20,Trump,Biden,,0.0005,0.00195,,331,11/1/20 17:17,40000,6620,25818,725293820,2828645898
2020,President,polls-plus,11/1/20,Trump,Biden,,0.0003,0.00395,,330,11/1/20 17:17,40000,3960,52140,431244000,5678046000
2020,President,polls-plus,11/1/20,Trump,Biden,,0.00065,0.00485,,329,11/1/20 17:17,40000,8554,63826,925893514,6908590066
2020,President,polls-plus,11/1/20,Trump,Biden,,0.0019,0.0037,,328,11/1/20 17:17,40000,24928,48544,2681853952,5222557696
2020,President,polls-plus,11/1/20,Trump,Biden,,0.000475,0.00335,,327,11/1/20 17:17,40000,6213,43818,664349877,4685414922
2020,President,polls-plus,11/1/20,Trump,Biden,,0.001675,0.003,,326,11/1/20 17:17,40000,21842,39120,2321280392,4157517120
2020,President,polls-plus,11/1/20,Trump,Biden,,0.000475,0.002975,,325,11/1/20 17:17,40000,6175,38675,652234375,4085046875
2020,President,polls-plus,11/1/20,Trump,Biden,,0.00045,0.007525,,324,11/1/20 17:17,40000,5832,97524,612220032,10237679424
2020,President,polls-plus,11/1/20,Trump,Biden,,0.00055,0.005675,,323,11/1/20 17:17,40000,7106,73321,741361874,7649506609
2020,President,polls-plus,11/1/20,Trump,Biden,,0.0018,0.004075,,322,11/1/20 17:17,40000,23184,52486,2403809856,5441958424
2020,President,polls-plus,11/1/20,Trump,Biden,,0.000575,0.003875,,321,11/1/20 17:17,40000,7383,49755,760751703,5126804955
2020,President,polls-plus,11/1/20,Trump,Biden,,0.000225,0.0069,,320,11/1/20 17:17,40000,2880,88320,294912000,9043968000
2020,President,polls-plus,11/1/20,Trump,Biden,,0.000625,0.013475,,319,11/1/20 17:17,40000,7975,171941,811543975,17496888101
2020,President,polls-plus,11/1/20,Trump,Biden,,0.00115,0.0054,,318,11/1/20 17:17,40000,14628,68688,1479241872,6946005312
2020,President,polls-plus,11/1/20,Trump,Biden,,0.00065,0.0022,,317,11/1/20 17:17,40000,8242,27896,828230338,2803241144
2020,President,polls-plus,11/1/20,Trump,Biden,,0.00105,0.002925,,316,11/1/20 17:17,40000,13272,36972,1325288832,3691876032
2020,President,polls-plus,11/1/20,Trump,Biden,,0.00055,0.003975,,315,11/1/20 17:17,40000,6930,50085,687629250,4969684125
2020,President,polls-plus,11/1/20,Trump,Biden,,0.000675,0.003425,,314,11/1/20 17:17,40000,8478,43018,835896888,4241402728
2020,President,polls-plus,11/1/20,Trump,Biden,,0.0004,0.006325,,313,11/1/20 17:17,40000,5008,79189,490628752,7758067141
2020,President,polls-plus,11/1/20,Trump,Biden,,0.002825,0.004325,,312,11/1/20 17:17,40000,35256,53976,3431960064,5254239744
2020,President,polls-plus,11/1/20,Trump,Biden,,0.001175,0.00355,,311,11/1/20 17:17,40000,14617,44162,1413770857,4271392802
2020,President,polls-plus,11/1/20,Trump,Biden,,0.00105,0.0043,,310,11/1/20 17:17,40000,13020,53320,1251222000,5124052000
2020,President,polls-plus,11/1/20,Trump,Biden,,0.0005,0.0062,,309,11/1/20 17:17,40000,6180,76632,590072580,7316899992
2020,President,polls-plus,11/1/20,Trump,Biden,,0.000925,0.006825,,308,11/1/20 17:17,40000,11396,84084,1081070144,7976544576
2020,President,polls-plus,11/1/20,Trump,Biden,,0.0008,0.003875,,307,11/1/20 17:17,40000,9824,47585,925902176,4484838665
2020,President,polls-plus,11/1/20,Trump,Biden,,0.001675,0.00575,,306,11/1/20 17:17,40000,20502,70380,1919725272,6590101680
2020,President,polls-plus,11/1/20,Trump,Biden,,0.001025,0.005275,,305,11/1/20 17:17,40000,12505,64355,1163277625,5986623875
2020,President,polls-plus,11/1/20,Trump,Biden,,0.000725,0.003375,,304,11/1/20 17:17,40000,8816,41040,814739456,3792752640
2020,President,polls-plus,11/1/20,Trump,Biden,,0.0006,0.002225,,303,11/1/20 17:17,40000,7272,26967,667635048,2475813303
2020,President,polls-plus,11/1/20,Trump,Biden,,0.002425,0.00215,,302,11/1/20 17:17,40000,29294,25972,2671729976,2368750288
2020,President,polls-plus,11/1/20,Trump,Biden,,0.00145,0.002125,,301,11/1/20 17:17,40000,17458,25585,1581712258,2318026585
2020,President,polls-plus,11/1/20,Trump,Biden,,0.001475,0.002075,,300,11/1/20 17:17,40000,17700,24900,1593000000,2241000000
2020,President,polls-plus,11/1/20,Trump,Biden,,0.000625,0.002625,,299,11/1/20 17:17,40000,7475,31395,668272475,2806744395
2020,President,polls-plus,11/1/20,Trump,Biden,,0.00055,0.00535,,298,11/1/20 17:17,40000,6556,63772,582199024,5663208688
2020,President,polls-plus,11/1/20,Trump,Biden,,0.000625,0.0041,,297,11/1/20 17:17,40000,7425,48708,654951825,4296483972
2020,President,polls-plus,11/1/20,Trump,Biden,,0.0033,0.0022,,296,11/1/20 17:17,40000,39072,26048,3423332352,2282221568
2020,President,polls-plus,11/1/20,Trump,Biden,,0.0017,0.00635,,295,11/1/20 17:17,40000,20060,74930,1745721500,6520783250
2020,President,polls-plus,11/1/20,Trump,Biden,,0.00095,0.0084,,294,11/1/20 17:17,40000,11172,98784,965662992,8538493824
2020,President,polls-plus,11/1/20,Trump,Biden,,0.0006,0.004725,,293,11/1/20 17:17,40000,7032,55377,603690168,4754060073
2020,President,polls-plus,11/1/20,Trump,Biden,,0.0016,0.002275,,292,11/1/20 17:17,40000,18688,26572,1593413632,2265635008
2020,President,polls-plus,11/1/20,Trump,Biden,,0.0014,0.00715,,291,11/1/20 17:17,40000,16296,83226,1379961576,7047660906
2020,President,polls-plus,11/1/20,Trump,Biden,,0.0031,0.01325,,290,11/1/20 17:17,40000,35960,153700,3024236000,12926170000
2020,President,polls-plus,11/1/20,Trump,Biden,,0.001525,0.0064,,289,11/1/20 17:17,40000,17629,73984,1472391709,6179217664
2020,President,polls-plus,11/1/20,Trump,Biden,,0.000925,0.003275,,288,11/1/20 17:17,40000,10656,37728,883851264,3129311232
2020,President,polls-plus,11/1/20,Trump,Biden,,0.000675,0.00195,,287,11/1/20 17:17,40000,7749,22386,638277381,1843912434
2020,President,polls-plus,11/1/20,Trump,Biden,,0.007175,0.00225,,286,11/1/20 17:17,40000,82082,25740,6713979272,2105429040
2020,President,polls-plus,11/1/20,Trump,Biden,,0.005275,0.0022,,285,11/1/20 17:17,40000,60135,25080,4884465375,2037123000
2020,President,polls-plus,11/1/20,Trump,Biden,,0.00255,0.002525,,284,11/1/20 17:17,40000,28968,28684,2336443008,2313536704
2020,President,polls-plus,11/1/20,Trump,Biden,,0.001275,0.002,,283,11/1/20 17:17,40000,14433,22640,1155924537,1813214960
2020,President,polls-plus,11/1/20,Trump,Biden,,0.00135,0.002475,,282,11/1/20 17:17,40000,15228,27918,1210991472,2220151032
2020,President,polls-plus,11/1/20,Trump,Biden,,0.001475,0.001175,,281,11/1/20 17:17,40000,16579,13207,1309094419,1042837927
2020,President,polls-plus,11/1/20,Trump,Biden,,0.006,0.0066,,280,11/1/20 17:17,40000,67200,73920,5268480000,5795328000
2020,President,polls-plus,11/1/20,Trump,Biden,,0.005375,0.01545,,279,11/1/20 17:17,40000,59985,172422,4669292385,13421500902
2020,President,polls-plus,11/1/20,Trump,Biden,,0.0013,0.006975,,278,11/1/20 17:17,40000,14456,77562,1117217504,5994301608
2020,President,polls-plus,11/1/20,Trump,Biden,,0.0005,0.001525,,277,11/1/20 17:17,40000,5540,16897,425078660,1296489913
2020,President,polls-plus,11/1/20,Trump,Biden,,0.0016,0.00125,,276,11/1/20 17:17,40000,17664,13800,1345572864,1051228800
2020,President,polls-plus,11/1/20,Trump,Biden,,0.003425,0.00105,,275,11/1/20 17:17,40000,37675,11550,2849171875,873468750
2020,President,polls-plus,11/1/20,Trump,Biden,,0.0019,0.003825,,274,11/1/20 17:17,40000,20824,41922,1563382624,3147336072
2020,President,polls-plus,11/1/20,Trump,Biden,,0.00125,0.00855,,273,11/1/20 17:17,40000,13650,93366,1017320850,6958474614
2020,President,polls-plus,11/1/20,Trump,Biden,,0.0014,0.0043,,272,11/1/20 17:17,40000,15232,46784,1126924288,3461267456
2020,President,polls-plus,11/1/20,Trump,Biden,,0.00175,0.001175,,271,11/1/20 17:17,40000,18970,12737,1393175770,935418017
2020,President,polls-plus,11/1/20,Trump,Biden,,0.003,0.003975,,270,11/1/20 17:17,40000,32400,42930,2361960000,3129597000
2020,President,polls-plus,11/1/20,Trump,Biden,,0.0047,0.0047,,269,11/1/20 17:17,40000,50572,50572,3659440492,3659440492
2020,President,polls-plus,11/1/20,Trump,Biden,,0.003975,0.003,,268,11/1/20 17:17,40000,42612,32160,3060564288,2309859840
2020,President,polls-plus,11/1/20,Trump,Biden,,0.001175,0.00175,,267,11/1/20 17:17,40000,12549,18690,894605661,1332391410
2020,President,polls-plus,11/1/20,Trump,Biden,,0.0043,0.0014,,266,11/1/20 17:17,40000,45752,14896,3237228512,1053981376
2020,President,polls-plus,11/1/20,Trump,Biden,,0.00855,0.00125,,265,11/1/20 17:17,40000,90630,13250,6364491750,930481250
2020,President,polls-plus,11/1/20,Trump,Biden,,0.003825,0.0019,,264,11/1/20 17:17,40000,40392,20064,2815160832,1398380544
2020,President,polls-plus,11/1/20,Trump,Biden,,0.00105,0.003425,,263,11/1/20 17:17,40000,11046,36031,764040774,2492228239
2020,President,polls-plus,11/1/20,Trump,Biden,,0.00125,0.0016,,262,11/1/20 17:17,40000,13100,16768,899236400,1151022592
2020,President,polls-plus,11/1/20,Trump,Biden,,0.001525,0.0005,,261,11/1/20 17:17,40000,15921,5220,1084554441,355591620
2020,President,polls-plus,11/1/20,Trump,Biden,,0.006975,0.0013,,260,11/1/20 17:17,40000,72540,13520,4903704000,913952000
2020,President,polls-plus,11/1/20,Trump,Biden,,0.01545,0.005375,,259,11/1/20 17:17,40000,160062,55685,10737119022,3735405485
2020,President,polls-plus,11/1/20,Trump,Biden,,0.0066,0.006,,258,11/1/20 17:17,40000,68112,61920,4533807168,4121642880
2020,President,polls-plus,11/1/20,Trump,Biden,,0.001175,0.001475,,257,11/1/20 17:17,40000,12079,15163,797805871,1001500987
2020,President,polls-plus,11/1/20,Trump,Biden,,0.002475,0.00135,,256,11/1/20 17:17,40000,25344,13824,1660944384,905969664
2020,President,polls-plus,11/1/20,Trump,Biden,,0.002,0.001275,,255,11/1/20 17:17,40000,20400,13005,1326510000,845650125
2020,President,polls-plus,11/1/20,Trump,Biden,,0.002525,0.00255,,254,11/1/20 17:17,40000,25654,25908,1655093464,1671480528
2020,President,polls-plus,11/1/20,Trump,Biden,,0.0022,0.005275,,253,11/1/20 17:17,40000,22264,53383,1425096376,3416992447
2020,President,polls-plus,11/1/20,Trump,Biden,,0.00225,0.007175,,252,11/1/20 17:17,40000,22680,72324,1440270720,4592863296
2020,President,polls-plus,11/1/20,Trump,Biden,,0.00195,0.000675,,251,11/1/20 17:17,40000,19578,6777,1233433578,426957777
2020,President,polls-plus,11/1/20,Trump,Biden,,0.003275,0.000925,,250,11/1/20 17:17,40000,32750,9250,2046875000,578125000
2020,President,polls-plus,11/1/20,Trump,Biden,,0.0064,0.001525,,249,11/1/20 17:17,40000,63744,15189,3952191744,941733189
2020,President,polls-plus,11/1/20,Trump,Biden,,0.01325,0.0031,,248,11/1/20 17:17,40000,131440,30752,8084085760,1891371008
2020,President,polls-plus,11/1/20,Trump,Biden,,0.00715,0.0014,,247,11/1/20 17:17,40000,70642,13832,4309797778,843876488
2020,President,polls-plus,11/1/20,Trump,Biden,,0.002275,0.0016,,246,11/1/20 17:17,40000,22386,15744,1354711176,952763904
2020,President,polls-plus,11/1/20,Trump,Biden,,0.004725,0.0006,,245,11/1/20 17:17,40000,46305,5880,2779457625,352947000
2020,President,polls-plus,11/1/20,Trump,Biden,,0.0084,0.00095,,244,11/1/20 17:17,40000,81984,9272,4880999424,552017792
2020,President,polls-plus,11/1/20,Trump,Biden,,0.00635,0.0017,,243,11/1/20 17:17,40000,61722,16524,3644622378,975725676
2020,President,polls-plus,11/1/20,Trump,Biden,,0.0022,0.0033,,242,11/1/20 17:17,40000,21296,31944,1247178944,1870768416
2020,President,polls-plus,11/1/20,Trump,Biden,,0.0041,0.000625,,241,11/1/20 17:17,40000,39524,6025,2295593444,349938025
2020,President,polls-plus,11/1/20,Trump,Biden,,0.00535,0.00055,,240,11/1/20 17:17,40000,51360,5280,2958336000,304128000
2020,President,polls-plus,11/1/20,Trump,Biden,,0.002625,0.000625,,239,11/1/20 17:17,40000,25095,5975,1433451495,341297975
2020,President,polls-plus,11/1/20,Trump,Biden,,0.002075,0.001475,,238,11/1/20 17:17,40000,19754,14042,1118945576,795395048
2020,President,polls-plus,11/1/20,Trump,Biden,,0.002125,0.00145,,237,11/1/20 17:17,40000,20145,13746,1131524505,772099074
2020,President,polls-plus,11/1/20,Trump,Biden,,0.00215,0.002425,,236,11/1/20 17:17,40000,20296,22892,1130406016,1274992832
2020,President,polls-plus,11/1/20,Trump,Biden,,0.002225,0.0006,,235,11/1/20 17:17,40000,20915,5640,1155030875,311469000
2020,President,polls-plus,11/1/20,Trump,Biden,,0.003375,0.000725,,234,11/1/20 17:17,40000,31590,6786,1729742040,371574216
2020,President,polls-plus,11/1/20,Trump,Biden,,0.005275,0.001025,,233,11/1/20 17:17,40000,49163,9553,2669010107,518622817
2020,President,polls-plus,11/1/20,Trump,Biden,,0.00575,0.001675,,232,11/1/20 17:17,40000,53360,15544,2872048640,836640256
2020,President,polls-plus,11/1/20,Trump,Biden,,0.003875,0.0008,,231,11/1/20 17:17,40000,35805,7392,1910590605,394444512
2020,President,polls-plus,11/1/20,Trump,Biden,,0.006825,0.000925,,230,11/1/20 17:17,40000,62790,8510,3321591000,450179000
2020,President,polls-plus,11/1/20,Trump,Biden,,0.0062,0.0005,,229,11/1/20 17:17,40000,56792,4580,2978229272,240179780
2020,President,polls-plus,11/1/20,Trump,Biden,,0.0043,0.00105,,228,11/1/20 17:17,40000,39216,9576,2038604544,497798784
2020,President,polls-plus,11/1/20,Trump,Biden,,0.00355,0.001175,,227,11/1/20 17:17,40000,32234,10669,1660985786,549762901
2020,President,polls-plus,11/1/20,Trump,Biden,,0.004325,0.002825,,226,11/1/20 17:17,40000,39098,25538,1996969448,1304378888
2020,President,polls-plus,11/1/20,Trump,Biden,,0.006325,0.0004,,225,11/1/20 17:17,40000,56925,3600,2881828125,182250000
2020,President,polls-plus,11/1/20,Trump,Biden,,0.003425,0.000675,,224,11/1/20 17:17,40000,30688,6048,1539801088,303464448
2020,President,polls-plus,11/1/20,Trump,Biden,,0.003975,0.00055,,223,11/1/20 17:17,40000,35457,4906,1763241153,243970474
2020,President,polls-plus,11/1/20,Trump,Biden,,0.002925,0.00105,,222,11/1/20 17:17,40000,25974,9324,1280102616,459524016
2020,President,polls-plus,11/1/20,Trump,Biden,,0.0022,0.00065,,221,11/1/20 17:17,40000,19448,5746,949859768,280640386
2020,President,polls-plus,11/1/20,Trump,Biden,,0.0054,0.00115,,220,11/1/20 17:17,40000,47520,10120,2299968000,489808000
2020,President,polls-plus,11/1/20,Trump,Biden,,0.013475,0.000625,,219,11/1/20 17:17,40000,118041,5475,5661364401,262586475
2020,President,polls-plus,11/1/20,Trump,Biden,,0.0069,0.000225,,218,11/1/20 17:17,40000,60168,1962,2859424032,93242088
2020,President,polls-plus,11/1/20,Trump,Biden,,0.003875,0.000575,,217,11/1/20 17:17,40000,33635,4991,1583838515,235021199
2020,President,polls-plus,11/1/20,Trump,Biden,,0.004075,0.0018,,216,11/1/20 17:17,40000,35208,15552,1642664448,725594112
2020,President,polls-plus,11/1/20,Trump,Biden,,0.005675,0.00055,,215,11/1/20 17:17,40000,48805,4730,2256011125,218644250
2020,President,polls-plus,11/1/20,Trump,Biden,,0.007525,0.00045,,214,11/1/20 17:17,40000,64414,3852,2949903544,176406192
2020,President,polls-plus,11/1/20,Trump,Biden,,0.002975,0.000475,,213,11/1/20 17:17,40000,25347,4047,1149968043,183608343
2020,President,polls-plus,11/1/20,Trump,Biden,,0.003,0.001675,,212,11/1/20 17:17,40000,25440,14204,1143375360,638384576
2020,President,polls-plus,11/1/20,Trump,Biden,,0.00335,0.000475,,211,11/1/20 17:17,40000,28274,4009,1258786754,178484689
2020,President,polls-plus,11/1/20,Trump,Biden,,0.0037,0.0019,,210,11/1/20 17:17,40000,31080,15960,1370628000,703836000
2020,President,polls-plus,11/1/20,Trump,Biden,,0.00485,0.00065,,209,11/1/20 17:17,40000,40546,5434,1771089826,237362554
2020,President,polls-plus,11/1/20,Trump,Biden,,0.00395,0.0003,,208,11/1/20 17:17,40000,32864,2496,1421828096,107986944
2020,President,polls-plus,11/1/20,Trump,Biden,,0.00195,0.0005,,207,11/1/20 17:17,40000,16146,4140,691839954,177394860
2020,President,polls-plus,11/1/20,Trump,Biden,,0.002425,0.000225,,206,11/1/20 17:17,40000,19982,1854,847956152,78676344
2020,President,polls-plus,11/1/20,Trump,Biden,,0.005425,0.00075,,205,11/1/20 17:17,40000,44485,6150,1869482125,258453750
2020,President,polls-plus,11/1/20,Trump,Biden,,0.009725,0.000225,,204,11/1/20 17:17,40000,79356,1836,3302479296,76406976
2020,President,polls-plus,11/1/20,Trump,Biden,,0.012625,0.000675,,203,11/1/20 17:17,40000,102515,5481,4224540635,225866529
2020,President,polls-plus,11/1/20,Trump,Biden,,0.00425,0.0003,,202,11/1/20 17:17,40000,34340,2424,1401209360,98908896
2020,President,polls-plus,11/1/20,Trump,Biden,,0.004425,0.000425,,201,11/1/20 17:17,40000,35577,3417,1437346377,138050217
2020,President,polls-plus,11/1/20,Trump,Biden,,0.0062,0.000225,,200,11/1/20 17:17,40000,49600,1800,1984000000,72000000
2020,President,polls-plus,11/1/20,Trump,Biden,,0.006725,0.000275,,199,11/1/20 17:17,40000,53531,2189,2119881131,86686589
2020,President,polls-plus,11/1/20,Trump,Biden,,0.006675,0.000225,,198,11/1/20 17:17,40000,52866,1782,2072558664,69861528
2020,President,polls-plus,11/1/20,Trump,Biden,,0.0046,0.00035,,197,11/1/20 17:17,40000,36248,2758,1406748632,107035222
2020,President,polls-plus,11/1/20,Trump,Biden,,0.004325,0.0007,,196,11/1/20 17:17,40000,33908,5488,1302609728,210827008
2020,President,polls-plus,11/1/20,Trump,Biden,,0.002975,0.000325,,195,11/1/20 17:17,40000,23205,2535,882370125,96393375
2020,President,polls-plus,11/1/20,Trump,Biden,,0.004975,0.000125,,194,11/1/20 17:17,40000,38606,970,1452975416,36506920
2020,President,polls-plus,11/1/20,Trump,Biden,,0.0028,0.00025,,193,11/1/20 17:17,40000,21616,1930,805174384,71890570
2020,President,polls-plus,11/1/20,Trump,Biden,,0.004775,0.00025,,192,11/1/20 17:17,40000,36672,1920,1351876608,70778880
2020,President,polls-plus,11/1/20,Trump,Biden,,0.003575,0.000075,,191,11/1/20 17:17,40000,27313,573,996405553,20903613
2020,President,polls-plus,11/1/20,Trump,Biden,,0.003125,0.0002,,190,11/1/20 17:17,40000,23750,1520,857375000,54872000
2020,President,polls-plus,11/1/20,Trump,Biden,,0.00485,0.000225,,189,11/1/20 17:17,40000,36666,1701,1309746186,60761421
2020,President,polls-plus,11/1/20,Trump,Biden,,0.017525,0.00045,,188,11/1/20 17:17,40000,131788,3384,4657915072,119604096
2020,President,polls-plus,11/1/20,Trump,Biden,,0.0109,0.0002,,187,11/1/20 17:17,40000,81532,1496,2851092508,52313624
2020,President,polls-plus,11/1/20,Trump,Biden,,0.0049,0.000025,,186,11/1/20 17:17,40000,36456,186,1261231776,6434856
2020,President,polls-plus,11/1/20,Trump,Biden,,0.010175,0.00015,,185,11/1/20 17:17,40000,75295,1110,2576971375,37989750
2020,President,polls-plus,11/1/20,Trump,Biden,,0.00305,0.000025,,184,11/1/20 17:17,40000,22448,184,759999488,6229504
2020,President,polls-plus,11/1/20,Trump,Biden,,0.001425,0.0005,,183,11/1/20 17:17,40000,10431,3660,349323759,122569740
2020,President,polls-plus,11/1/20,Trump,Biden,,0.00535,0.000175,,182,11/1/20 17:17,40000,38948,1274,1290113552,42199976
2020,President,polls-plus,11/1/20,Trump,Biden,,0.00715,0.0001,,181,11/1/20 17:17,40000,51766,724,1695905926,23718964
2020,President,polls-plus,11/1/20,Trump,Biden,,0.0066,0.0001,,180,11/1/20 17:17,40000,47520,720,1539648000,23328000
2020,President,polls-plus,11/1/20,Trump,Biden,,0.008425,0.0001,,179,11/1/20 17:17,40000,60323,716,1932809243,22941356
2020,President,polls-plus,11/1/20,Trump,Biden,,0.0037,0.000025,,178,11/1/20 17:17,40000,26344,178,834683296,5639752
2020,President,polls-plus,11/1/20,Trump,Biden,,0.002025,0.000025,,177,11/1/20 17:17,40000,14337,177,449163873,5545233
2020,President,polls-plus,11/1/20,Trump,Biden,,0.004725,0.000175,,176,11/1/20 17:17,40000,33264,1232,1030385664,38162432
2020,President,polls-plus,11/1/20,Trump,Biden,,0.003225,0.0002,,175,11/1/20 17:17,40000,22575,1400,691359375,42875000
2020,President,polls-plus,11/1/20,Trump,Biden,,0.00455,0,,174,11/1/20 17:17,40000,31668,0,958780368,0
2020,President,polls-plus,11/1/20,Trump,Biden,,0.00285,0.00005,,173,11/1/20 17:17,40000,19722,346,590259738,10355434
2020,President,polls-plus,11/1/20,Trump,Biden,,0.002,0.00005,,172,11/1/20 17:17,40000,13760,344,407075840,10176896
2020,President,polls-plus,11/1/20,Trump,Biden,,0.0027,0.000025,,171,11/1/20 17:17,40000,18468,171,540022788,5000211
2020,President,polls-plus,11/1/20,Trump,Biden,,0.0118,0.000075,,170,11/1/20 17:17,40000,80240,510,2318936000,14739000
2020,President,polls-plus,11/1/20,Trump,Biden,,0.01855,0,,169,11/1/20 17:17,40000,125398,0,3581492278,0
2020,President,polls-plus,11/1/20,Trump,Biden,,0.00155,0.000075,,168,11/1/20 17:17,40000,10416,504,293981184,14224896
2020,President,polls-plus,11/1/20,Trump,Biden,,0.0023,0,,167,11/1/20 17:17,40000,15364,0,428486596,0
2020,President,polls-plus,11/1/20,Trump,Biden,,0.005325,0,,166,11/1/20 17:17,40000,35358,0,974325048,0
2020,President,polls-plus,11/1/20,Trump,Biden,,0.00395,0.000075,,165,11/1/20 17:17,40000,26070,495,709755750,13476375
2020,President,polls-plus,11/1/20,Trump,Biden,,0.00605,0.00005,,164,11/1/20 17:17,40000,39688,328,1067448448,8821888
2020,President,polls-plus,11/1/20,Trump,Biden,,0.024675,0.00015,,163,11/1/20 17:17,40000,160881,978,4274447289,25984482
2020,President,polls-plus,11/1/20,Trump,Biden,,0.00255,0.000025,,162,11/1/20 17:17,40000,16524,162,433655856,4251528
2020,President,polls-plus,11/1/20,Trump,Biden,,0.00315,0.0001,,161,11/1/20 17:17,40000,20286,644,525833406,16693124
2020,President,polls-plus,11/1/20,Trump,Biden,,0.0104,0.000025,,160,11/1/20 17:17,40000,66560,160,1703936000,4096000
2020,President,polls-plus,11/1/20,Trump,Biden,,0.002425,0.000025,,159,11/1/20 17:17,40000,15423,159,389908863,4019679
2020,President,polls-plus,11/1/20,Trump,Biden,,0.0018,0,,158,11/1/20 17:17,40000,11376,0,283990464,0
2020,President,polls-plus,11/1/20,Trump,Biden,,0.004375,0.000075,,157,11/1/20 17:17,40000,27475,471,677231275,11609679
2020,President,polls-plus,11/1/20,Trump,Biden,,0.00265,0.0001,,156,11/1/20 17:17,40000,16536,624,402420096,15185664
2020,President,polls-plus,11/1/20,Trump,Biden,,0.001575,0.000025,,155,11/1/20 17:17,40000,9765,155,234604125,3723875
2020,President,polls-plus,11/1/20,Trump,Biden,,0.0028,0.000025,,154,11/1/20 17:17,40000,17248,154,409053568,3652264
2020,President,polls-plus,11/1/20,Trump,Biden,,0.00175,0,,153,11/1/20 17:17,40000,10710,0,250710390,0
2020,President,polls-plus,11/1/20,Trump,Biden,,0.0027,0.000025,,152,11/1/20 17:17,40000,16416,152,379275264,3511808
2020,President,polls-plus,11/1/20,Trump,Biden,,0.003275,0.000025,,151,11/1/20 17:17,40000,19781,151,451026581,3442951
2020,President,polls-plus,11/1/20,Trump,Biden,,0.013125,0,,150,11/1/20 17:17,40000,78750,0,1771875000,0
2020,President,polls-plus,11/1/20,Trump,Biden,,0.0065,0,,149,11/1/20 17:17,40000,38740,0,860066740,0
2020,President,polls-plus,11/1/20,Trump,Biden,,0.00225,0,,148,11/1/20 17:17,40000,13320,0,291761280,0
2020,President,polls-plus,11/1/20,Trump,Biden,,0.0051,0.000025,,147,11/1/20 17:17,40000,29988,147,648010692,3176523
2020,President,polls-plus,11/1/20,Trump,Biden,,0.0022,0,,146,11/1/20 17:17,40000,12848,0,273867968,0
2020,President,polls-plus,11/1/20,Trump,Biden,,0.001025,0,,145,11/1/20 17:17,40000,5945,0,124993625,0
2020,President,polls-plus,11/1/20,Trump,Biden,,0.00545,0,,144,11/1/20 17:17,40000,31392,0,650944512,0
2020,President,polls-plus,11/1/20,Trump,Biden,,0.0044,0.000025,,143,11/1/20 17:17,40000,25168,143,514660432,2924207
2020,President,polls-plus,11/1/20,Trump,Biden,,0.00245,0,,142,11/1/20 17:17,40000,13916,0,280602224,0
2020,President,polls-plus,11/1/20,Trump,Biden,,0.0055,0.000025,,141,11/1/20 17:17,40000,31020,141,616708620,2803221
2020,President,polls-plus,11/1/20,Trump,Biden,,0.00235,0,,140,11/1/20 17:17,40000,13160,0,257936000,0
2020,President,polls-plus,11/1/20,Trump,Biden,,0.0011,0,,139,11/1/20 17:17,40000,6116,0,118167236,0
2020,President,polls-plus,11/1/20,Trump,Biden,,0.003225,0.000025,,138,11/1/20 17:17,40000,17802,138,339021288,2628072
2020,President,polls-plus,11/1/20,Trump,Biden,,0.002,0,,137,11/1/20 17:17,40000,10960,0,205708240,0
2020,President,polls-plus,11/1/20,Trump,Biden,,0.001925,0,,136,11/1/20 17:17,40000,10472,0,193690112,0
2020,President,polls-plus,11/1/20,Trump,Biden,,0.002175,0,,135,11/1/20 17:17,40000,11745,0,214052625,0
2020,President,polls-plus,11/1/20,Trump,Biden,,0.0017,0,,134,11/1/20 17:17,40000,9112,0,163615072,0
2020,President,polls-plus,11/1/20,Trump,Biden,,0.001425,0.000025,,133,11/1/20 17:17,40000,7581,133,134100309,2352637
2020,President,polls-plus,11/1/20,Trump,Biden,,0.013825,0,,132,11/1/20 17:17,40000,72996,0,1271882304,0
2020,President,polls-plus,11/1/20,Trump,Biden,,0.0201,0,,131,11/1/20 17:17,40000,105324,0,1807465164,0
2020,President,polls-plus,11/1/20,Trump,Biden,,0.000975,0,,130,11/1/20 17:17,40000,5070,0,85683000,0
2020,President,polls-plus,11/1/20,Trump,Biden,,0.0021,0.000025,,129,11/1/20 17:17,40000,10836,129,180321876,2146689
2020,President,polls-plus,11/1/20,Trump,Biden,,0.004625,0,,128,11/1/20 17:17,40000,23680,0,387973120,0
2020,President,polls-plus,11/1/20,Trump,Biden,,0.001425,0,,127,11/1/20 17:17,40000,7239,0,116757831,0
2020,President,polls-plus,11/1/20,Trump,Biden,,0.01265,0,,126,11/1/20 17:17,40000,63756,0,1012190256,0
2020,President,polls-plus,11/1/20,Trump,Biden,,0.0465,0,,125,11/1/20 17:17,40000,232500,0,3632812500,0
2020,President,polls-plus,11/1/20,Trump,Biden,,0.00185,0,,124,11/1/20 17:17,40000,9176,0,141090176,0
2020,President,polls-plus,11/1/20,Trump,Biden,,0.0036,0,,123,11/1/20 17:17,40000,17712,0,267964848,0
2020,President,polls-plus,11/1/20,Trump,Biden,,0.02165,0,,122,11/1/20 17:17,40000,105652,0,1572524368,0
2020,President,polls-plus,11/1/20,Trump,Biden,,0.001975,0.000025,,121,11/1/20 17:17,40000,9559,121,139953319,1771561
2020,President,polls-plus,11/1/20,Trump,Biden,,0.002575,0,,120,11/1/20 17:17,40000,12360,0,177984000,0
2020,President,polls-plus,11/1/20,Trump,Biden,,0.011925,0.000025,,119,11/1/20 17:17,40000,56763,119,803820843,1685159
2020,President,polls-plus,11/1/20,Trump,Biden,,0.001825,0,,118,11/1/20 17:17,40000,8614,0,119941336,0
2020,President,polls-plus,11/1/20,Trump,Biden,,0.0024,0,,117,11/1/20 17:17,40000,11232,0,153754848,0
2020,President,polls-plus,11/1/20,Trump,Biden,,0.00635,0,,116,11/1/20 17:17,40000,29464,0,396467584,0
2020,President,polls-plus,11/1/20,Trump,Biden,,0.00365,0,,115,11/1/20 17:17,40000,16790,0,222047750,0
2020,President,polls-plus,11/1/20,Trump,Biden,,0.0021,0,,114,11/1/20 17:17,40000,9576,0,124449696,0
2020,President,polls-plus,11/1/20,Trump,Biden,,0.005175,0,,113,11/1/20 17:17,40000,23391,0,298679679,0
2020,President,polls-plus,11/1/20,Trump,Biden,,0.00335,0,,112,11/1/20 17:17,40000,15008,0,188260352,0
2020,President,polls-plus,11/1/20,Trump,Biden,,0.0028,0,,111,11/1/20 17:17,40000,12432,0,153174672,0
2020,President,polls-plus,11/1/20,Trump,Biden,,0.003825,0.000025,,110,11/1/20 17:17,40000,16830,110,203643000,1331000
2020,President,polls-plus,11/1/20,Trump,Biden,,0.003175,0,,109,11/1/20 17:17,40000,13843,0,164468683,0
2020,President,polls-plus,11/1/20,Trump,Biden,,0.00175,0,,108,11/1/20 17:17,40000,7560,0,88179840,0
2020,President,polls-plus,11/1/20,Trump,Biden,,0.002275,0,,107,11/1/20 17:17,40000,9737,0,111478913,0
2020,President,polls-plus,11/1/20,Trump,Biden,,0.0021,0,,106,11/1/20 17:17,40000,8904,0,100045344,0
2020,President,polls-plus,11/1/20,Trump,Biden,,0.001075,0,,105,11/1/20 17:17,40000,4515,0,49777875,0
2020,President,polls-plus,11/1/20,Trump,Biden,,0.0024,0,,104,11/1/20 17:17,40000,9984,0,107986944,0
2020,President,polls-plus,11/1/20,Trump,Biden,,0.0022,0,,103,11/1/20 17:17,40000,9064,0,96159976,0
2020,President,polls-plus,11/1/20,Trump,Biden,,0.001825,0,,102,11/1/20 17:17,40000,7446,0,77468184,0
2020,President,polls-plus,11/1/20,Trump,Biden,,0.001625,0,,101,11/1/20 17:17,40000,6565,0,66969565,0
2020,President,polls-plus,11/1/20,Trump,Biden,,0.00195,0,,100,11/1/20 17:17,40000,7800,0,78000000,0
2020,President,polls-plus,11/1/20,Trump,Biden,,0.0014,0.000025,,99,11/1/20 17:17,40000,5544,99,54336744,970299
2020,President,polls-plus,11/1/20,Trump,Biden,,0.001675,0,,98,11/1/20 17:17,40000,6566,0,63059864,0
2020,President,polls-plus,11/1/20,Trump,Biden,,0.00145,0,,97,11/1/20 17:17,40000,5626,0,52935034,0
2020,President,polls-plus,11/1/20,Trump,Biden,,0.00125,0,,96,11/1/20 17:17,40000,4800,0,44236800,0
2020,President,polls-plus,11/1/20,Trump,Biden,,0.001475,0,,95,11/1/20 17:17,40000,5605,0,50585125,0
2020,President,polls-plus,11/1/20,Trump,Biden,,0.00165,0,,94,11/1/20 17:17,40000,6204,0,54818544,0
2020,President,polls-plus,11/1/20,Trump,Biden,,0.000825,0,,93,11/1/20 17:17,40000,3069,0,26543781,0
2020,President,polls-plus,11/1/20,Trump,Biden,,0.00155,0,,92,11/1/20 17:17,40000,5704,0,48278656,0
2020,President,polls-plus,11/1/20,Trump,Biden,,0.001075,0,,91,11/1/20 17:17,40000,3913,0,32403553,0
2020,President,polls-plus,11/1/20,Trump,Biden,,0.0006,0,,90,11/1/20 17:17,40000,2160,0,17496000,0
2020,President,polls-plus,11/1/20,Trump,Biden,,0.00185,0,,89,11/1/20 17:17,40000,6586,0,52167706,0
2020,President,polls-plus,11/1/20,Trump,Biden,,0.0014,0,,88,11/1/20 17:17,40000,4928,0,38162432,0
2020,President,polls-plus,11/1/20,Trump,Biden,,0.0005,0,,87,11/1/20 17:17,40000,1740,0,13170060,0
2020,President,polls-plus,11/1/20,Trump,Biden,,0.00165,0,,86,11/1/20 17:17,40000,5676,0,41979696,0
2020,President,polls-plus,11/1/20,Trump,Biden,,0.001,0,,85,11/1/20 17:17,40000,3400,0,24565000,0
2020,President,polls-plus,11/1/20,Trump,Biden,,0.000525,0,,84,11/1/20 17:17,40000,1764,0,12446784,0
2020,President,polls-plus,11/1/20,Trump,Biden,,0.0011,0,,83,11/1/20 17:17,40000,3652,0,25158628,0
2020,President,polls-plus,11/1/20,Trump,Biden,,0.00095,0.000025,,82,11/1/20 17:17,40000,3116,82,20951984,551368
2020,President,polls-plus,11/1/20,Trump,Biden,,0.00055,0,,81,11/1/20 17:17,40000,1782,0,11691702,0
2020,President,polls-plus,11/1/20,Trump,Biden,,0.000875,0,,80,11/1/20 17:17,40000,2800,0,17920000,0
2020,President,polls-plus,11/1/20,Trump,Biden,,0.00095,0,,79,11/1/20 17:17,40000,3002,0,18735482,0
2020,President,polls-plus,11/1/20,Trump,Biden,,0.000775,0,,78,11/1/20 17:17,40000,2418,0,14711112,0
2020,President,polls-plus,11/1/20,Trump,Biden,,0.000875,0,,77,11/1/20 17:17,40000,2695,0,15978655,0
2020,President,polls-plus,11/1/20,Trump,Biden,,0.000725,0,,76,11/1/20 17:17,40000,2204,0,12730304,0
2020,President,polls-plus,11/1/20,Trump,Biden,,0.00055,0,,75,11/1/20 17:17,40000,1650,0,9281250,0
2020,President,polls-plus,11/1/20,Trump,Biden,,0.0004,0,,74,11/1/20 17:17,40000,1184,0,6483584,0
2020,President,polls-plus,11/1/20,Trump,Biden,,0.000575,0,,73,11/1/20 17:17,40000,1679,0,8947391,0
2020,President,polls-plus,11/1/20,Trump,Biden,,0.0005,0,,72,11/1/20 17:17,40000,1440,0,7464960,0
2020,President,polls-plus,11/1/20,Trump,Biden,,0.0005,0,,71,11/1/20 17:17,40000,1420,0,7158220,0
2020,President,polls-plus,11/1/20,Trump,Biden,,0.00045,0,,70,11/1/20 17:17,40000,1260,0,6174000,0
2020,President,polls-plus,11/1/20,Trump,Biden,,0.000475,0,,69,11/1/20 17:17,40000,1311,0,6241671,0
2020,President,polls-plus,11/1/20,Trump,Biden,,0.0006,0,,68,11/1/20 17:17,40000,1632,0,7546368,0
2020,President,polls-plus,11/1/20,Trump,Biden,,0.0004,0,,67,11/1/20 17:17,40000,1072,0,4812208,0
2020,President,polls-plus,11/1/20,Trump,Biden,,0.000425,0,,66,11/1/20 17:17,40000,1122,0,4887432,0
2020,President,polls-plus,11/1/20,Trump,Biden,,0.000425,0,,65,11/1/20 17:17,40000,1105,0,4668625,0
2020,President,polls-plus,11/1/20,Trump,Biden,,0.00045,0,,64,11/1/20 17:17,40000,1152,0,4718592,0
2020,President,polls-plus,11/1/20,Trump,Biden,,0.000375,0.000025,,63,11/1/20 17:17,40000,945,63,3750705,250047
2020,President,polls-plus,11/1/20,Trump,Biden,,0.000425,0,,62,11/1/20 17:17,40000,1054,0,4051576,0
2020,President,polls-plus,11/1/20,Trump,Biden,,0.000275,0,,61,11/1/20 17:17,40000,671,0,2496791,0
2020,President,polls-plus,11/1/20,Trump,Biden,,0.0004,0,,60,11/1/20 17:17,40000,960,0,3456000,0
2020,President,polls-plus,11/1/20,Trump,Biden,,0.000475,0,,59,11/1/20 17:17,40000,1121,0,3902201,0
2020,President,polls-plus,11/1/20,Trump,Biden,,0.0005,0,,58,11/1/20 17:17,40000,1160,0,3902240,0
2020,President,polls-plus,11/1/20,Trump,Biden,,0.000475,0,,57,11/1/20 17:17,40000,1083,0,3518667,0
2020,President,polls-plus,11/1/20,Trump,Biden,,0.000325,0,,56,11/1/20 17:17,40000,728,0,2283008,0
2020,President,polls-plus,11/1/20,Trump,Biden,,0.000225,0,,55,11/1/20 17:17,40000,495,0,1497375,0
2020,President,polls-plus,11/1/20,Trump,Biden,,0.000325,0,,54,11/1/20 17:17,40000,702,0,2047032,0
2020,President,polls-plus,11/1/20,Trump,Biden,,0.00015,0,,53,11/1/20 17:17,40000,318,0,893262,0
2020,President,polls-plus,11/1/20,Trump,Biden,,0.000225,0,,52,11/1/20 17:17,40000,468,0,1265472,0
2020,President,polls-plus,11/1/20,Trump,Biden,,0.000275,0,,51,11/1/20 17:17,40000,561,0,1459161,0
2020,President,polls-plus,11/1/20,Trump,Biden,,0.00015,0,,50,11/1/20 17:17,40000,300,0,750000,0
2020,President,polls-plus,11/1/20,Trump,Biden,,0.000225,0,,49,11/1/20 17:17,40000,441,0,1058841,0
2020,President,polls-plus,11/1/20,Trump,Biden,,0.0002,0,,48,11/1/20 17:17,40000,384,0,884736,0
2020,President,polls-plus,11/1/20,Trump,Biden,,0.0001,0,,47,11/1/20 17:17,40000,188,0,415292,0
2020,President,polls-plus,11/1/20,Trump,Biden,,0.00015,0,,46,11/1/20 17:17,40000,276,0,584016,0
2020,President,polls-plus,11/1/20,Trump,Biden,,0.000175,0,,45,11/1/20 17:17,40000,315,0,637875,0
2020,President,polls-plus,11/1/20,Trump,Biden,,0.000225,0,,44,11/1/20 17:17,40000,396,0,766656,0
2020,President,polls-plus,11/1/20,Trump,Biden,,0.000225,0,,43,11/1/20 17:17,40000,387,0,715563,0
2020,President,polls-plus,11/1/20,Trump,Biden,,0.0001,0,,42,11/1/20 17:17,40000,168,0,296352,0
2020,President,polls-plus,11/1/20,Trump,Biden,,0.000125,0,,41,11/1/20 17:17,40000,205,0,344605,0
2020,President,polls-plus,11/1/20,Trump,Biden,,0.000125,0,,40,11/1/20 17:17,40000,200,0,320000,0
2020,President,polls-plus,11/1/20,Trump,Biden,,0.00005,0,,39,11/1/20 17:17,40000,78,0,118638,0
2020,President,polls-plus,11/1/20,Trump,Biden,,0.00025,0,,38,11/1/20 17:17,40000,380,0,548720,0
2020,President,polls-plus,11/1/20,Trump,Biden,,0.00015,0,,37,11/1/20 17:17,40000,222,0,303918,0
2020,President,polls-plus,11/1/20,Trump,Biden,,0.00015,0,,36,11/1/20 17:17,40000,216,0,279936,0
2020,President,polls-plus,11/1/20,Trump,Biden,,0.0001,0,,35,11/1/20 17:17,40000,140,0,171500,0
2020,President,polls-plus,11/1/20,Trump,Biden,,0.00015,0,,34,11/1/20 17:17,40000,204,0,235824,0
2020,President,polls-plus,11/1/20,Trump,Biden,,0.00005,0,,33,11/1/20 17:17,40000,66,0,71874,0
2020,President,polls-plus,11/1/20,Trump,Biden,,0.000175,0,,32,11/1/20 17:17,40000,224,0,229376,0
2020,President,polls-plus,11/1/20,Trump,Biden,,0.00015,0,,31,11/1/20 17:17,40000,186,0,178746,0
2020,President,polls-plus,11/1/20,Trump,Biden,,0.000025,0,,30,11/1/20 17:17,40000,30,0,27000,0
2020,President,polls-plus,11/1/20,Trump,Biden,,0.000125,0,,29,11/1/20 17:17,40000,145,0,121945,0
2020,President,polls-plus,11/1/20,Trump,Biden,,0.000075,0,,28,11/1/20 17:17,40000,84,0,65856,0
2020,President,polls-plus,11/1/20,Trump,Biden,,0.000075,0,,27,11/1/20 17:17,40000,81,0,59049,0
2020,President,polls-plus,11/1/20,Trump,Biden,,0.000025,0,,26,11/1/20 17:17,40000,26,0,17576,0
2020,President,polls-plus,11/1/20,Trump,Biden,,0.0001,0,,25,11/1/20 17:17,40000,100,0,62500,0
2020,President,polls-plus,11/1/20,Trump,Biden,,0.0001,0,,24,11/1/20 17:17,40000,96,0,55296,0
2020,President,polls-plus,11/1/20,Trump,Biden,,0.000125,0,,23,11/1/20 17:17,40000,115,0,60835,0
2020,President,polls-plus,11/1/20,Trump,Biden,,0.00015,0,,22,11/1/20 17:17,40000,132,0,63888,0
2020,President,polls-plus,11/1/20,Trump,Biden,,0.000025,0,,21,11/1/20 17:17,40000,21,0,9261,0
2020,President,polls-plus,11/1/20,Trump,Biden,,0.000125,0,,20,11/1/20 17:17,40000,100,0,40000,0
2020,President,polls-plus,11/1/20,Trump,Biden,,0.000075,0,,19,11/1/20 17:17,40000,57,0,20577,0
2020,President,polls-plus,11/1/20,Trump,Biden,,0.000075,0,,18,11/1/20 17:17,40000,54,0,17496,0
2020,President,polls-plus,11/1/20,Trump,Biden,,0.000175,0,,17,11/1/20 17:17,40000,119,0,34391,0
2020,President,polls-plus,11/1/20,Trump,Biden,,0.000075,0,,16,11/1/20 17:17,40000,48,0,12288,0
2020,President,polls-plus,11/1/20,Trump,Biden,,0,0,,15,11/1/20 17:17,40000,0,0,0,0
2020,President,polls-plus,11/1/20,Trump,Biden,,0.0001,0,,14,11/1/20 17:17,40000,56,0,10976,0
2020,President,polls-plus,11/1/20,Trump,Biden,,0.000125,0,,13,11/1/20 17:17,40000,65,0,10985,0
2020,President,polls-plus,11/1/20,Trump,Biden,,0.000025,0,,12,11/1/20 17:17,40000,12,0,1728,0
2020,President,polls-plus,11/1/20,Trump,Biden,,0.0001,0,,11,11/1/20 17:17,40000,44,0,5324,0
2020,President,polls-plus,11/1/20,Trump,Biden,,0.0001,0,,10,11/1/20 17:17,40000,40,0,4000,0
2020,President,polls-plus,11/1/20,Trump,Biden,,0,0,,9,11/1/20 17:17,40000,0,0,0,0
2020,President,polls-plus,11/1/20,Trump,Biden,,0.00015,0,,8,11/1/20 17:17,40000,48,0,3072,0
2020,President,polls-plus,11/1/20,Trump,Biden,,0.000025,0,,7,11/1/20 17:17,40000,7,0,343,0
2020,President,polls-plus,11/1/20,Trump,Biden,,0.000025,0,,6,11/1/20 17:17,40000,6,0,216,0
2020,President,polls-plus,11/1/20,Trump,Biden,,0.00005,0,,5,11/1/20 17:17,40000,10,0,250,0
2020,President,polls-plus,11/1/20,Trump,Biden,,0.000375,0,,4,11/1/20 17:17,40000,60,0,960,0
2020,President,polls-plus,11/1/20,Trump,Biden,,0.00005,0,,3,11/1/20 17:17,40000,6,0,54,0
2020,President,polls-plus,11/1/20,Trump,Biden,,0,0,,2,11/1/20 17:17,40000,0,0,0,0
2020,President,polls-plus,11/1/20,Trump,Biden,,0.00015,0,,1,11/1/20 17:17,40000,6,0,6,0
2020,President,polls-plus,11/1/20,Trump,Biden,,0.000025,0,,0,11/1/20 17:17,40000,0,0,0,0
,,,,,,,1,1,,,,,,,,